laser_id,x_pixel,y_pixel,distance_cm
2,5,128,6.98244
2,6,128,6.97554
2,7,128,6.96863
2,8,128,6.95834
2,9,128,6.94804
2,10,128,6.94122
2,11,128,6.93783
2,12,128,6.9311
2,13,129,6.92436
2,14,129,6.91762
2,15,129,6.9043
2,16,129,6.89098
2,17,130,6.87766
2,18,130,6.86434
2,19,130,6.85117
2,20,132,6.83481
2,21,132,6.82488
2,22,132,6.81494
2,23,132,6.80836
2,24,133,6.80178
2,25,134,6.7952
2,26,132,6.78559
2,27,132,6.77599
2,28,132,6.76639
2,29,132,6.75678
2,30,132,6.74728
