laser_id,x_pixel,y_pixel,distance_cm
2,416,134,6.74
2,417,133,6.73915
2,418,133,6.74292
2,419,134,6.74584
2,420,135,6.74819
2,421,134,6.74819
2,422,134,6.74976
2,423,133,6.74732
2,424,133,6.74418
2,425,133,6.74587
