laser_id,x_pixel,y_pixel,distance_cm
1,583,159,4.09492
1,584,160,4.07728
1,585,160,4.05792
1,586,161,4.03864
1,587,162,4.01764
1,588,162,3.99844
1,589,163,4.14022
1,590,164,4.28375
1,591,165,4.42491
1,592,166,4.56781
1,593,166,4.71009
2,594,171,4.85238
2,595,171,4.99639
2,596,172,5.13979
2,597,172,5.2849
2,598,173,5.43172
2,599,173,5.57621
2,600,173,5.5668
2,601,174,5.5574
2,602,174,5.55037
2,603,174,5.54333
2,604,175,5.53866
