laser_id,x_pixel,y_pixel,distance_cm
1,529,41,8.24697
1,530,41,8.24697
1,531,41,8.24697
1,535,41,8.24697
1,536,41,8.24697
